"id.exposure","id.outcome","outcome","exposure","method","nsnp","b","se","pval","lo_ci","up_ci","or","or_lci95","or_uci95"
"eqtl-a-ENSG00000150867","aLgsYI","Alzheimer disease","PIP4K2A","MR Egger",3,0.0551178564509432,0.106305620431965,0.695488263446406,-0.153241159595709,0.263476872497595,1.05666514214066,0.857922800546143,1.30144719537044
"eqtl-a-ENSG00000150867","aLgsYI","Alzheimer disease","PIP4K2A","Weighted median",3,0.160019609401552,0.0476555199928269,0.00078554079931753,0.0666147902156117,0.253424428587493,1.17353388306333,1.06888365441837,1.28843000733049
"eqtl-a-ENSG00000150867","aLgsYI","Alzheimer disease","PIP4K2A","Inverse variance weighted",3,0.159985082397953,0.0436317157341187,0.000245686009231031,0.0744669195590803,0.245503245236826,1.17349336515421,1.07730970505274,1.27826443185485
"eqtl-a-ENSG00000150867","aLgsYI","Alzheimer disease","PIP4K2A","Simple mode",3,0.192922929570071,0.0664040155106515,0.100865884486877,0.0627710591691943,0.323074799970948,1.21278931972285,1.06478303901088,1.38136867337796
"eqtl-a-ENSG00000150867","aLgsYI","Alzheimer disease","PIP4K2A","Weighted mode",3,0.16800220742222,0.0552680342052939,0.0933206659774291,0.0596768603798443,0.276327554464596,1.18293922189125,1.06149348051914,1.31827960168376
