"id.exposure","id.outcome","outcome","exposure","method","nsnp","b","se","pval","lo_ci","up_ci","or","or_lci95","or_uci95"
"eqtl-a-ENSG00000148341","Jacibe","Alzheimer disease","SH3GLB2","MR Egger",8,0.0290964710046755,0.0222858887996601,0.239512456100244,-0.0145838710426582,0.0727768130520092,1.0295239088904,0.985521958511808,1.07549047468968
"eqtl-a-ENSG00000148341","Jacibe","Alzheimer disease","SH3GLB2","Weighted median",8,0.0316439694700557,0.0157459905556356,0.0444679793249312,0.000781827981009904,0.0625061109591014,1.03214996298255,1.00078213368817,1.06450096401984
"eqtl-a-ENSG00000148341","Jacibe","Alzheimer disease","SH3GLB2","Inverse variance weighted",8,0.0330789187283536,0.0143669225326585,0.0213106003575042,0.00491975056434292,0.0612380868923644,1.0336321089542,1.00493187240781,1.06315200661437
"eqtl-a-ENSG00000148341","Jacibe","Alzheimer disease","SH3GLB2","Simple mode",8,0.0809012216072161,0.0412105111954126,0.0904029995640195,0.000128619664207436,0.161673823550225,1.08426378944244,1.00012862793607,1.17547676594577
"eqtl-a-ENSG00000148341","Jacibe","Alzheimer disease","SH3GLB2","Weighted mode",8,0.0305620280602117,0.0161117030510135,0.0996616475789644,-0.00101690991977483,0.0621409660401983,1.03103384109456,0.998983606957897,1.06411233785841
