"id.exposure","id.outcome","outcome","exposure","method","nsnp","b","se","pval","lo_ci","up_ci","or","or_lci95","or_uci95"
"eqtl-a-ENSG00000125753","AGZG2I","Alzheimer disease","VASP","MR Egger",5,0.017540481335169,0.0622977309670084,0.796586228563308,-0.104563071360168,0.139644034030506,1.01769521897816,0.900717986106808,1.1498644133972
"eqtl-a-ENSG00000125753","AGZG2I","Alzheimer disease","VASP","Weighted median",5,0.0361848569477646,0.0211270514513113,0.0867629018367944,-0.00522416389680554,0.0775938777923347,1.03684749724003,0.994789458315525,1.08068367989474
"eqtl-a-ENSG00000125753","AGZG2I","Alzheimer disease","VASP","Inverse variance weighted",5,0.0450543424611642,0.0219390292575355,0.0400128681173565,0.00205384511639464,0.0880548398059339,1.04608470518161,1.00205595570097,1.09204800808695
"eqtl-a-ENSG00000125753","AGZG2I","Alzheimer disease","VASP","Simple mode",5,0.0210033240953197,0.0306384401287837,0.530679995809072,-0.0390480185570963,0.0810546667477358,1.02122544628261,0.961704528373803,1.08443017721734
"eqtl-a-ENSG00000125753","AGZG2I","Alzheimer disease","VASP","Weighted mode",5,0.0345944858689755,0.0227480121160669,0.202958820378455,-0.00999161787851575,0.0791805896164667,1.03519983551137,0.990058132501931,1.08239977458159
