"id.exposure","id.outcome","outcome","exposure","method","nsnp","b","se","pval","lo_ci","up_ci","or","or_lci95","or_uci95"
"eqtl-a-ENSG00000103507","khDShu","Alzheimer disease","BCKDK","MR Egger",5,0.125689913707151,0.0388825973106612,0.0481224835369218,0.0494800229782553,0.201899804436047,1.13393049745739,1.05072460165695,1.22372539011298
"eqtl-a-ENSG00000103507","khDShu","Alzheimer disease","BCKDK","Weighted median",5,0.0921511731213732,0.0221016954867347,3.05380514733208e-05,0.0488318499673731,0.135470496275373,1.09653057550155,1.05004377100015,1.14507541134644
"eqtl-a-ENSG00000103507","khDShu","Alzheimer disease","BCKDK","Inverse variance weighted",5,0.0910489146822484,0.0214673317835767,2.22250988034073e-05,0.0489729443864381,0.133124884978059,1.09532258130415,1.05019193676844,1.14239265710466
"eqtl-a-ENSG00000103507","khDShu","Alzheimer disease","BCKDK","Simple mode",5,0.00617664523208074,0.0563963435386311,0.918063060482755,-0.104360188103636,0.116713478567798,1.00619576004011,0.900900745243803,1.1237973915192
"eqtl-a-ENSG00000103507","khDShu","Alzheimer disease","BCKDK","Weighted mode",5,0.107755370643479,0.0232274503136361,0.00974028144807316,0.0622295680287526,0.153281173258206,1.11377524993493,1.06420662450452,1.16565268323262
