"id.exposure","id.outcome","outcome","exposure","method","nsnp","b","se","pval","lo_ci","up_ci","or","or_lci95","or_uci95"
"eqtl-a-ENSG00000185432","bDWgAz","Alzheimer disease","METTL7A","MR Egger",3,0.0504048640914737,0.0376072636069045,0.408075127727551,-0.0233053725780592,0.124115100761007,1.0516968044645,0.97696410017057,1.13214617438626
"eqtl-a-ENSG00000185432","bDWgAz","Alzheimer disease","METTL7A","Weighted median",3,0.0647866475990006,0.020093011567793,0.00126264561832792,0.0254043449261262,0.104168950271875,1.0669313677305,1.02572978531925,1.10978793805133
"eqtl-a-ENSG00000185432","bDWgAz","Alzheimer disease","METTL7A","Inverse variance weighted",3,0.0650897733673465,0.0201227662453003,0.00121798974589656,0.0256491515265579,0.104530395208135,1.06725483114369,1.02598092147959,1.1101891377833
"eqtl-a-ENSG00000185432","bDWgAz","Alzheimer disease","METTL7A","Simple mode",3,0.0544820274839356,0.0431615674449056,0.3341044870575,-0.0301146447080793,0.139078699675951,1.05599349738308,0.970334283480845,1.14921453925663
"eqtl-a-ENSG00000185432","bDWgAz","Alzheimer disease","METTL7A","Weighted mode",3,0.0630722280135389,0.0194667532104631,0.0835017453381697,0.0249173917210311,0.101227064306047,1.0651037667824,1.02523042450527,1.10652786622236
