"id.exposure","id.outcome","outcome","exposure","method","nsnp","b","se","pval","lo_ci","up_ci","or","or_lci95","or_uci95"
"eqtl-a-ENSG00000143847","v95CRy","Alzheimer disease","PPFIA4","MR Egger",5,0.0724241491234421,0.0688431108199596,0.370047595092082,-0.0625083480836788,0.207356646330563,1.07511125486625,0.939405220547352,1.23042131878574
"eqtl-a-ENSG00000143847","v95CRy","Alzheimer disease","PPFIA4","Weighted median",5,0.0383227873480775,0.0189543064956107,0.043191726432338,0.00117234661668039,0.0754732280794745,1.03906657629792,1.0011730340836,1.07839435664357
"eqtl-a-ENSG00000143847","v95CRy","Alzheimer disease","PPFIA4","Inverse variance weighted",5,0.0357052745483406,0.0173978259116409,0.040142099096897,0.00160553576152452,0.0698050133351567,1.03635036264749,1.00160682532412,1.07229907684788
"eqtl-a-ENSG00000143847","v95CRy","Alzheimer disease","PPFIA4","Simple mode",5,0.0481116148030314,0.0281206203775143,0.162269317969123,-0.00700480113689663,0.103228030742959,1.04928776483597,0.993019675298388,1.10874420801745
"eqtl-a-ENSG00000143847","v95CRy","Alzheimer disease","PPFIA4","Weighted mode",5,0.0392817100393789,0.0178508220394129,0.092595393769275,0.00429409884212958,0.0742693212366282,1.0400634386963,1.00430333169543,1.07709685149271
