"id.exposure","id.outcome","outcome","exposure","method","nsnp","b","se","pval","lo_ci","up_ci","or","or_lci95","or_uci95"
"eqtl-a-ENSG00000124541","Mp4MRK","Alzheimer disease","RRP36","MR Egger",3,0.0251946065582081,0.0764416402535665,0.797312860352418,-0.124631008338782,0.175020221455198,1.02551467298759,0.882822596668205,1.19127030558791
"eqtl-a-ENSG00000124541","Mp4MRK","Alzheimer disease","RRP36","Weighted median",3,0.0812528328852011,0.0445795173226384,0.0683565004571221,-0.00612302106717012,0.168628686837572,1.084645095851,0.993895686424727,1.18368054114976
"eqtl-a-ENSG00000124541","Mp4MRK","Alzheimer disease","RRP36","Inverse variance weighted",3,0.0913473109579086,0.0422239602517079,0.0305104360475204,0.00858834886456104,0.174106273051256,1.09564947025186,1.00862533453881,1.19018204337697
"eqtl-a-ENSG00000124541","Mp4MRK","Alzheimer disease","RRP36","Simple mode",3,0.0595329425925209,0.0643956508482485,0.452829867631506,-0.0666825330700462,0.185748418255088,1.06134072371864,0.935492142018182,1.20411928783653
"eqtl-a-ENSG00000124541","Mp4MRK","Alzheimer disease","RRP36","Weighted mode",3,0.0778803435594042,0.0502921096599419,0.261588366885932,-0.0206921913740819,0.17645287849289,1.08099330312017,0.97952042300679,1.19297821050388
