"id.exposure","id.outcome","outcome","exposure","method","nsnp","b","se","pval","lo_ci","up_ci","or","or_lci95","or_uci95"
"eqtl-a-ENSG00000164828","yV2SIZ","Alzheimer disease","SUN1","MR Egger",4,0.0365895825314555,0.0907851604128714,0.725924099867618,-0.141349331877772,0.214528496940683,1.03726722087927,0.868185973681491,1.23927743608689
"eqtl-a-ENSG00000164828","yV2SIZ","Alzheimer disease","SUN1","Weighted median",4,0.0736749199168171,0.0370441669437302,0.0467188693078717,0.00106835270710584,0.146281487126528,1.07645681394104,1.00106892359915,1.15752196973012
"eqtl-a-ENSG00000164828","yV2SIZ","Alzheimer disease","SUN1","Inverse variance weighted",4,0.0780884993309009,0.0337807174876584,0.0207981156274296,0.0118782930550904,0.144298705606711,1.08121834153587,1.01194912013517,1.15522913041065
"eqtl-a-ENSG00000164828","yV2SIZ","Alzheimer disease","SUN1","Simple mode",4,0.0146963048782842,0.0626255117683667,0.829569961274253,-0.108049698187715,0.137442307944283,1.01480482653757,0.897582987074161,1.14733551191838
"eqtl-a-ENSG00000164828","yV2SIZ","Alzheimer disease","SUN1","Weighted mode",4,0.0792568310415857,0.0385827101799797,0.13222892436675,0.00363471908882551,0.154878942994346,1.0824823014289,1.00364133269069,1.16751661648428
