"id.exposure","id.outcome","outcome","exposure","method","nsnp","b","se","pval","lo_ci","up_ci","or","or_lci95","or_uci95"
"eqtl-a-ENSG00000100242","j0Fm3a","Alzheimer disease","SUN2","MR Egger",4,0.031221100857499,0.0281451315902537,0.382824771037551,-0.0239433570593984,0.0863855587743963,1.03171359143018,0.976341011017576,1.0902265937107
"eqtl-a-ENSG00000100242","j0Fm3a","Alzheimer disease","SUN2","Weighted median",4,0.0549780111567284,0.0169491741396555,0.00117988555546586,0.0217576298430037,0.0881983924704531,1.05651738282493,1.02199605310647,1.09220478574095
"eqtl-a-ENSG00000100242","j0Fm3a","Alzheimer disease","SUN2","Inverse variance weighted",4,0.0589026567710541,0.0169786886372854,0.000521988936101134,0.0256244270419747,0.0921808865001335,1.06067198647867,1.02595555494371,1.09656315761392
"eqtl-a-ENSG00000100242","j0Fm3a","Alzheimer disease","SUN2","Simple mode",4,0.0958816625583599,0.0514796101441699,0.159431406799821,-0.00501837332421322,0.196781698440933,1.10062881068956,0.994994197673753,1.21747823429731
"eqtl-a-ENSG00000100242","j0Fm3a","Alzheimer disease","SUN2","Weighted mode",4,0.0509021878936461,0.0170462178579114,0.0583106678357395,0.0174916008921398,0.0843127748951524,1.05221996839818,1.01764547480076,1.08796913002795
